"id","first_name","last_name","emaİl","birthday"
1,"Haruki","UPDATE","harukimurakami@gmail.com","1954-11-04"
2,"Sabahattin","Ali","ali@gmail.com","1964-01-24"
3,"Cemal","Süreya","cemalsüreya@gmail.com","1934-05-14"
4,"Namık","Kemal","kemal@gmail.com","1914-03-01"
5,"Halide Edip","Adıvar","adivar@gmail.com","1924-04-05"
6,"Orhan","Kemal","orhan@gmail.com","1966-02-16"
7,"Angil","Climpson","aclimpson0@apache.org","1984-08-12"
8,"Cort","Cuthbertson","ccuthbertson1@com.com","1959-10-17"
9,"Onofredo","Mullany","omullany2@nhs.uk","1947-04-21"
10,"Ahmet","Samet","samet@gmail.com","1960-05-09"
11,"Torrance","Bentham3","tbentham4@archive.org","1956-05-06"
12,"Kerrin","Loeber","kloeber5@issuu.com","1907-02-17"
13,"Christophorus","Waszczykowski","cwaszczykowski6@irs.gov","1926-04-19"
16,"Ervin","Caulier","ecaulier9@mayoclinic.com","1958-02-17"
17,"Kalli","McIlwain","kmcilwaina@chron.com","1943-08-12"
18,"Cosimo","Marcroft","cmarcroftb@bluehost.com","1957-01-29"
19,"Teador","Morrow","tmorrowc@instagram.com",NULL
20,"Alasteir","Bristoe","abristoed@gov.uk",NULL
21,"Annabella","Phythien","aphythiene@altervista.org","1903-06-30"
22,"Talya","Whistance","twhistancef@bigcartel.com","1969-08-15"
23,"Kippie","Boxen","kboxeng@issuu.com","1910-08-23"
24,"Dael","Ryson","drysonh@trellian.com","1900-06-30"
25,"Colleen","Gelderd","cgelderdi@gov.uk","1919-12-18"
26,"Wallie","Acum","wacumj@usa.gov",NULL
27,"Danika","Jane","djanek@tuttocitta.it","1904-04-01"
28,"Yaşar","kemal","yasarkemal@hotmail.com","1915-05-15"
29,"Perren","Lidster","plidsterm@merriam-webster.com","1943-10-26"
30,"Randee","Aslet","rasletn@ftc.gov","1920-03-10"
31,"Eduard","Gudde","eguddeo@geocities.jp","1929-05-08"
32,"Fabio","O'Halloran","fohalloranp@noaa.gov","1972-05-28"
33,"Damian","Cosser","dcosserq@smh.com.au","1915-02-04"
34,"Adriano","Frammingham","aframminghamr@a8.net","1916-03-18"
35,"Andie","Balden",NULL,"1921-08-17"
36,"Isabel","Ather","iathert@google.de","1934-09-24"
37,"Yaşar","kemal","yasarkemal@hotmail.com","1915-05-15"
38,"Loutitia","Petkovic","lpetkovicv@smh.com.au",NULL
39,"Shellysheldon","Lensch","slenschw@mlb.com","1958-10-29"
40,"Jeni","Krysiak","jkrysiakx@bravesites.com",NULL
41,"Anatola","Swigg","aswiggy@berkeley.edu","1939-11-12"
42,"Selena","Keyser","skeyserz@earthlink.net","1946-10-30"
43,"Gerald","Fearnley","gfearnley10@simplemachines.org","1963-12-24"
44,"Bunni","Minocchi","bminocchi11@google.cn","1981-06-02"
45,"Guy","Riccardini","griccardini12@economist.com","1955-09-29"
46,"Adoree","Filippo","afilippo13@gravatar.com",NULL
47,"Calvin","Mum","cmum14@newsvine.com","1956-04-12"
48,"Jerry","Gallally","jgallally15@xing.com","1938-01-06"
49,"Christabella","Edginton","cedginton16@eventbrite.com",NULL
50,"Boony","Cromarty","bcromarty17@thetimes.co.uk",NULL
51,"Langston","Larvin","llarvin18@redcross.org","1926-01-19"
52,"Godfrey","Lindenblatt","glindenblatt19@mac.com","1998-09-19"
53,"Otis","Basindale","obasindale1a@rediff.com","1954-12-30"
54,"Haslett","Stoffers",NULL,"1987-02-13"
55,"Hilton","Izzard","hizzard1c@angelfire.com","1914-06-04"
56,"Pavia","Pigott","ppigott1d@nih.gov","1996-08-26"
57,"Ryan","Maris","rmaris1e@globo.com","1948-08-08"
58,"Bucky","Brecknall","bbrecknall1f@networksolutions.com","1910-01-04"
59,"Robena","Hardaway","rhardaway1g@amazon.co.uk","1959-11-22"
60,"Johnna","Tothe","jtothe1h@senate.gov",NULL
61,"Nicol","Clell","nclell1i@icio.us","1920-10-01"
62,"Lilia","Meneghi",NULL,"1901-03-19"
63,"Ailey","Scotford",NULL,"1957-06-30"
64,"Lauryn","Cowdrey","lcowdrey1l@bigcartel.com",NULL
65,"Lexie","Binford","lbinford1m@indiegogo.com","1931-02-13"
66,"Kaine","Cicconettii","kcicconettii1n@google.es","1941-07-06"
67,"Ophelie","Ayerst","oayerst1o@earthlink.net","1905-11-12"
68,"Yaşar","kemal","yasarkemal@hotmail.com","1915-05-15"
69,"Paula","Pridden",NULL,"1938-10-20"
70,"Staci","Younge","syounge1r@storify.com",NULL
71,"Desiri","Amorine","damorine1s@deviantart.com","1917-07-23"
72,"Tallulah","Tickle","ttickle1t@bizjournals.com","1906-05-10"
73,"Mikel","Scurr","mscurr1u@umich.edu","1914-09-11"
74,"Keven","Dewire","kdewire1v@hud.gov","1993-03-25"
75,"Alano","Arnot","aarnot1w@un.org","1928-05-03"
76,"Oliver","Gibbon",NULL,"1949-03-22"
77,"Richart","Wingeat","rwingeat1y@mail.ru",NULL
78,"Anatole","Straneo","astraneo1z@taobao.com","1933-09-20"
79,"Pierce","Wimpenny",NULL,"1996-12-10"
80,"Jelene","Hail","jhail21@vkontakte.ru","1937-12-31"
81,"Cassandry","Afield","cafield22@eepurl.com",NULL
82,"Paul","Polfer","ppolfer23@scribd.com","1999-08-19"
83,"Pavel","Wetwood",NULL,"1977-07-16"
84,"Burt","Backshall","bbackshall25@jalbum.net","1976-05-06"
85,"Regina","McKerlie",NULL,"1995-10-06"
86,"Cristin","Royle","croyle27@meetup.com",NULL
87,"Ingeborg","Ebbrell","iebbrell28@livejournal.com",NULL
88,"Cori","Morrieson","cmorrieson29@vimeo.com","1954-04-27"
89,"Yoshiko","Ettery","yettery2a@google.com","1983-10-21"
90,"Allx","Le Claire","aleclaire2b@people.com.cn",NULL
91,"Marrilee","Bywaters","mbywaters2c@discovery.com","1956-03-08"
92,"Yaşar","kemal","yasarkemal@hotmail.com","1915-05-15"
93,"Claire","Najera","cnajera2e@npr.org",NULL
94,"Gerta","Spinley","gspinley2f@sciencedaily.com","1931-03-21"
95,"Daria","De Meis",NULL,NULL
96,"Dewie","Aitken","daitken2h@ow.ly",NULL
97,"Grayce","Mc Carroll","gmccarroll2i@harvard.edu",NULL
98,"Aleksandr","Blackshaw","ablackshaw2j@ucsd.edu","1973-02-13"
99,"Maddy","Louch",NULL,"1999-08-11"
100,"Yaşar","kemal","yasarkemal@hotmail.com","1915-05-15"
101,"Maryjo","Ebbins",NULL,"1942-12-26"
102,"Melly","Yackiminie","myackiminie2n@naver.com","1936-04-16"
103,"Gloriana","Warsop","gwarsop2o@disqus.com","1903-07-27"
104,"Chev","Jozaitis","cjozaitis2p@hexun.com","1987-09-23"
105,"Richard","Rockliffe","rrockliffe2q@microsoft.com","1974-03-27"
106,"Janek","Abrahamian","jabrahamian2r@reverbnation.com",NULL
